"ISO3","Name","1995","1996","1997","1998","1999","2000","2001","2002","2003","2004","2005","2006","2007","2008","2009","2010","2011","2012","2013","2014","2015","2016","2017","2018","2019","2020"
"AFG","Afghanistan",0.310416756754025,0.310416053080614,0.311849331175518,0.313282772035481,0.311548872092888,0.30981481722354,0.316369683178432,0.322941273834628,0.327035652205209,0.322374397930714,0.269736972957388,0.236271841870518,0.230540779350847,0.224216465266977,0.224017397223901,0.22274156932951,0.213653597695626,0.228593648494969,0.230411542974858,0.246690734243825,0.246128003555513,0.257630630288327,0.248275740124001,0.242563801902449,0.250356608585772,0.239126606182841
"ALB","Albania",0.334173663088387,0.33467661849521,0.333101171157781,0.331038247710536,0.33186915168751,0.332472468028332,0.337593744210321,0.342930839773802,0.341435690388814,0.349108673226326,0.338321062143426,0.32510688451302,0.338208727494673,0.350865419738914,0.370780283371853,0.372037016896188,0.370952990638855,0.37902710588292,0.391757652665803,0.414294931971662,0.421307881522046,0.415363615444121,0.416355473351448,0.418535830262797,0.411084442906617,0.409452983371096
"DZA","Algeria",0.301432119731671,0.302461062733321,0.300809557889579,0.299456144212015,0.30244533356808,0.305595269430136,0.311317821778687,0.317378068000475,0.321894649387763,0.32913600336321,0.330775716388502,0.299016588120631,0.297834880460495,0.299765238806037,0.293580629052646,0.282920988836874,0.27765602478551,0.278184676292218,0.288889875619673,0.287796051553578,0.294079532402046,0.30355709271676,0.326563987193501,0.328683341530556,0.329328497776,0.33068109430508
"AND","Andorra",0.156763688444904,0.162035349978472,0.16785806893088,0.178800714548555,0.186168134469835,0.192225278910229,0.196487258978606,0.197854150087623,0.214121980745392,0.236267583822256,0.259210048728835,0.283740539605151,0.32014739789901,0.323544295224668,0.33957429229265,0.34675215196151,0.350825708284975,0.357281884854054,0.363767845076642,0.370368072606247,0.379928392878177,0.387946061700545,0.395355654713922,0.39990185677094,0.462315091744242,0.463988100167141
"AGO","Angola",0.191310506163938,0.191310111407619,0.184420346141574,0.177526144419505,0.17780819966436,0.178144211732258,0.190485184399782,0.202848896648295,0.217897526524435,0.219492097956681,0.210512274023982,0.188478941214719,0.191855467185947,0.198535904276051,0.205411641237699,0.191451651096014,0.189749276921211,0.203163950434753,0.211122039060671,0.214962275228276,0.211954560699676,0.24007636292289,0.243605945757666,0.254776117416407,0.256796410342124,0.262540372073311
"ATG","Antigua and Barbuda",0.455645789007708,0.456150018063629,0.457905937572625,0.459633418971072,0.460793302946895,0.462876754485332,0.463662416818217,0.466831275702024,0.470280611873212,0.470521231933093,0.483733093963528,0.462533635543434,0.465677915043295,0.473029687883539,0.475469600134784,0.485866386499721,0.47947720818775,0.487989212845509,0.481703837682609,0.456144656602472,0.464774406194783,0.457811432388321,0.437213696293572,0.447638146938863,0.447144491908705,0.445502844232243
"ARG","Argentina",0.382303847012116,0.385232582905781,0.381172899571575,0.378467097915902,0.378468003212653,0.379941415698292,0.352293202802299,0.332484959904137,0.343744935377499,0.346225156389428,0.369049383485508,0.345026181958796,0.357107772312582,0.349803125010079,0.346460600305266,0.354519027546656,0.357738631640315,0.351060433730828,0.340601269966225,0.334082828591236,0.337862744176495,0.371215018352183,0.377317390448948,0.379593091518071,0.378503766489922,0.382984241046119
"ARM","Armenia",0.379243997700077,0.375346692997499,0.36971265352191,0.38081295344228,0.385888392762392,0.387169058030561,0.394016912233828,0.41092747510079,0.425030117924813,0.413602143962837,0.433689381440378,0.416469933988624,0.424569370293976,0.444072571202293,0.433365256966563,0.435530245783949,0.435719973202626,0.44468236065863,0.460039771708871,0.475434025265403,0.48324424758058,0.49239430992447,0.490197034921506,0.499948872607477,0.511312276819275,0.507571569291164
"AUS","Australia",0.585476852841116,0.589281298887849,0.593284211988752,0.598600491314243,0.605609955546071,0.613740838708307,0.619060838997507,0.621551566838699,0.626263279711194,0.633978097925335,0.638387804817897,0.682027313139354,0.689885464337129,0.697861856334892,0.689532774173353,0.696525198757988,0.700245322422534,0.703670563302908,0.71417595182452,0.715714615803095,0.713459896196608,0.713804036153874,0.700585662068438,0.704858477414381,0.703126110998317,0.690156787839352
"AUT","Austria",0.604296016151892,0.610560612022847,0.613705290124176,0.616229625139076,0.620356779975661,0.624217284707832,0.632573257873626,0.639082224293496,0.636431863456941,0.641212476169546,0.650041462121341,0.680026731620503,0.691589745263375,0.689108263292127,0.672757649917159,0.680187735861924,0.681192103382053,0.685349949729772,0.699861013212402,0.712759628300178,0.710502898880311,0.695070749147971,0.698698714923597,0.698318645349317,0.693346340358764,0.68665626105961
"AZE","Azerbaijan",0.316792255907639,0.314335262013364,0.319597911606131,0.32528955554227,0.326127536148956,0.326676732060478,0.330550532684717,0.369137539258733,0.376178444910219,0.379315253280425,0.384997732964271,0.338567703302389,0.342349974138746,0.339888847681865,0.375881993324758,0.366134887993717,0.369951247570947,0.364955600592906,0.385365036046321,0.410666353017245,0.421431401220309,0.440911856815256,0.430441129333329,0.432140936876984,0.450425866963127,0.438662422225791
"BHS","Bahamas",0.445716031834854,0.446209054275655,0.450358908966916,0.454859812839457,0.458540119236024,0.463210569441569,0.466694255592077,0.472378586531715,0.469411628736018,0.471745611078832,0.490908972415581,0.553258681897232,0.557642881286503,0.461372500604572,0.451662921250157,0.44966951118472,0.450329592815229,0.45537510352984,0.446217962418674,0.451222726723907,0.447012792751278,0.439936657532974,0.432871259158352,0.429976745462796,0.42899037297733,0.424584161286116
"BHR","Bahrain",0.383582877774241,0.384763723563455,0.390281201511895,0.396223261626929,0.400274631586399,0.404921547156112,0.419000789555198,0.431381610378422,0.425901766043323,0.425853256354752,0.436819527391697,0.494948870352891,0.508344818398162,0.452926653241895,0.458823997653071,0.455534282442491,0.461348951104155,0.463889562026052,0.465197204631067,0.484481741084731,0.484290353760747,0.476219486703081,0.468366376832965,0.469602151229941,0.475960810530569,0.506402068441481
"BGD","Bangladesh",0.339161758361128,0.339000245379457,0.344090102192195,0.349057972414486,0.342455450244245,0.335869825173732,0.330856198634635,0.325093170926535,0.321233241705738,0.313658355420858,0.331379673916649,0.408463794848445,0.421553701593969,0.427584741074994,0.429059305964674,0.456175009535313,0.459469868615684,0.461097121534654,0.462102658001902,0.256463140502696,0.253336261654114,0.270287269432092,0.270453661333897,0.274335834511105,0.274374447579308,0.278169384035553
"BRB","Barbados",0.470821210692717,0.471338855159288,0.4750676411941,0.478721642671585,0.480638733190925,0.487445941423704,0.489063891523073,0.496798519596532,0.503377246750472,0.508134151617297,0.532128420936156,0.597167155798397,0.610902988777369,0.612235077003608,0.612150900383899,0.633324003226581,0.641788953429257,0.512394904900499,0.51619006862985,0.512122577759714,0.527968255256247,0.513099476403665,0.521800274573789,0.522093358729186,0.525852712959819,0.536692412450074
"BLR","Belarus",0.372832929152294,0.379536373129654,0.376728644918109,0.379892843678058,0.383551703821845,0.38515589983126,0.38282615463564,0.379332394528921,0.404087642283007,0.40080723080537,0.399208446738712,0.350458046672546,0.370879847137307,0.392859701265919,0.434595799983178,0.434022247738305,0.446267235027783,0.473996229237983,0.477272717558346,0.47077545029721,0.473331962760657,0.489732724561739,0.514232812300081,0.519751922193829,0.5273277123945,0.501969625748656
"BEL","Belgium",0.542826639786049,0.547404257948068,0.546396382865949,0.538819078453731,0.54085461897514,0.549627339581909,0.553787664621146,0.561231296708855,0.553175532903482,0.55267326123566,0.545902157038247,0.570521628005576,0.576999866405142,0.586476456647225,0.593612539021019,0.587488380161931,0.589799472385106,0.596472006562075,0.602423644498871,0.613910040783707,0.614530931754827,0.605788639929795,0.600000948703427,0.592797309163081,0.593296738328256,0.600662947200381
"BLZ","Belize",0.374134035015879,0.382405398546403,0.377954223644414,0.379861328038468,0.375913617375346,0.373283541318022,0.3733380888408,0.373880256324771,0.382854157822439,0.36940193447855,0.391216526493724,0.337243947361472,0.338469435778546,0.336368173125653,0.335664680470665,0.334590411427388,0.324364655468978,0.330623700335241,0.333009513864741,0.332637915819448,0.333070577871887,0.330157098146099,0.330428642827361,0.329545740496559,0.329144615515569,0.334759598880295
"BEN","Benin",0.355904090010492,0.35589331299723,0.35435403267149,0.352737622214693,0.352155169257271,0.351727837103487,0.347800885558762,0.3439859175696,0.343578900791704,0.335203646520069,0.31772091401381,0.303688316942989,0.307912011959864,0.304042289686138,0.292246811575381,0.275759824165067,0.279577163624397,0.276326301338355,0.288522115096235,0.290965972449014,0.305897964227045,0.312253850473958,0.323410536304618,0.333814102490928,0.329028275523139,0.336605947759305
"BTN","Bhutan",0.372010169159802,0.37203280308405,0.373088471429426,0.374214329282038,0.373878683424587,0.373822360685353,0.374911804732941,0.376047519505824,0.390476746101809,0.379465995938391,0.391095392650628,0.378742694863294,0.398157206611579,0.407620095209116,0.401144926262582,0.39245319473299,0.391971602710759,0.395969667293393,0.40322827761075,0.431770963730353,0.435361318112696,0.464453185446453,0.478815019202353,0.47921558015616,0.4792769452425,0.476220953489274
"BOL","Bolivia, Plurinational State of",0.313772996416372,0.313996226178772,0.319736083992821,0.322661224093907,0.316629725379349,0.309268068113076,0.310889858910911,0.305283567282963,0.30492009256181,0.309749001019993,0.279476422292076,0.269898139313803,0.274439193830269,0.275459170476464,0.276187624302076,0.280898849102364,0.285281322515934,0.277356659138638,0.285800625398847,0.281970839521466,0.278515677475746,0.282392334951386,0.287827403060335,0.289821862824519,0.281345126794095,0.286764268477931
"BIH","Bosnia and Herzegovina",0.340277806190274,0.340396773562174,0.336535298121699,0.332698330643671,0.334875145239439,0.339189589016632,0.346951994064421,0.347796717461343,0.346362606624531,0.36149024659674,0.347189106989286,0.324545651582656,0.327562804671249,0.336369217318851,0.33671777302383,0.337220575969136,0.345851295171692,0.351866398842719,0.364405480557812,0.381140011323412,0.369804684825045,0.373693773358647,0.378506375151791,0.376403337159954,0.367510818329587,0.362408329731066
"BWA","Botswana",0.376189466335437,0.376526662746757,0.378004509306167,0.379624254262232,0.379779843680626,0.380676848612081,0.379722905450327,0.377777329251412,0.395884091227601,0.384853731579969,0.3987908631975,0.385205781192302,0.388436317895331,0.392104689199964,0.394902202140991,0.392015964201317,0.390991612626859,0.3986806376184,0.40574528252957,0.42482271427805,0.421423291010527,0.437348254040289,0.431060878095689,0.430106761524621,0.433251970067907,0.432771276990344
"BRA","Brazil",0.351568560365212,0.350868542413153,0.352247797455129,0.353479005246241,0.358868959061228,0.364116250099094,0.366615709315898,0.371384561072256,0.369291334029172,0.363649291365893,0.370718805261546,0.401607051222089,0.40561805411403,0.413474904411971,0.426832373614593,0.443601555928488,0.446572144527831,0.445430573523797,0.444402382869913,0.359200722294542,0.353121547065725,0.356264178061204,0.349861930240893,0.34829341119389,0.353214950796168,0.35771468951001
"BRN","Brunei Darussalam",0.441199185383537,0.442552461843012,0.435516533180174,0.428714225421472,0.433020356014532,0.436568838480553,0.439785726682219,0.43916660727578,0.441770090795469,0.450484281814524,0.460974838574276,0.527894440460007,0.445967947687683,0.451297595813904,0.476506491317424,0.474944988696175,0.475701729293738,0.476642838590147,0.485230570602156,0.505994769133669,0.494690974439912,0.499195253996814,0.499703258108549,0.523978212486681,0.515979133423415,0.533100628846571
"BGR","Bulgaria",0.393052058868181,0.401013808679559,0.423079852827968,0.421824686835676,0.419590752838099,0.413456296780999,0.415626410550449,0.42773923164272,0.43412827122212,0.437046898793837,0.439532076678297,0.436943377316725,0.441569415321847,0.441713862252398,0.447750969925565,0.442978610883888,0.447076189626504,0.451252603669166,0.456012117335801,0.465662049133314,0.467295912550799,0.465667342331942,0.465699869607351,0.464725562984091,0.468175889941472,0.464001251102273
"BFA","Burkina Faso",0.305577648083845,0.305557251203852,0.305782755758738,0.306069127364351,0.310606550585569,0.315056040544142,0.312895125354541,0.310809232976602,0.314704143110597,0.310610663415261,0.294058711750797,0.255027069415541,0.267946971297902,0.272611947977521,0.287717457511567,0.28693121609972,0.279164318637061,0.278167354523852,0.272660105129075,0.276031985436326,0.279994613170739,0.301649262785954,0.303197855405545,0.301590922032174,0.294181968365872,0.290420088841339
"BDI","Burundi",0.238975181322934,0.238971199124485,0.239088699381106,0.239208522261667,0.246027842867314,0.252918125859894,0.253962831366953,0.255404685606482,0.256898588258128,0.253563620406985,0.258188778577226,0.234092435856222,0.231833108271454,0.231409871071856,0.229418951091132,0.207103493701382,0.202710296475323,0.202527346379752,0.230769883712523,0.274148180955358,0.258323449175173,0.269160143576668,0.269946409481562,0.267596603382558,0.267989632435299,0.267934246229784
"KHM","Cambodia",0.282890947784437,0.283055837239867,0.280686711471766,0.278738780650108,0.28554437456311,0.292359645442629,0.290557038326521,0.288944208693716,0.286526777407632,0.287612617920805,0.279771864141683,0.270399524213719,0.272226981166085,0.278566538081971,0.278790062918734,0.275551828069202,0.278580302985278,0.289833338044172,0.281862724941596,0.28747326313046,0.284599121822709,0.293817639905457,0.289341088391236,0.286622516476892,0.285787503452931,0.281663243165067
"CMR","Cameroon",0.262704168044142,0.262709011073628,0.272161608169611,0.281628920663916,0.282688320502221,0.283629027955681,0.280774166765833,0.278482114529903,0.289324232276211,0.289133784237532,0.276094745218855,0.253189021610317,0.252075291984626,0.251205152601261,0.249126950835864,0.243544055512026,0.251418890981022,0.252127740373463,0.256288048998709,0.258232591040685,0.255641431727611,0.265292735245464,0.262081893534654,0.261371541378866,0.25890357616859,0.258881746461065
"CAN","Canada",0.592812518768013,0.594649293775364,0.598346475718315,0.596065350691094,0.603664893058447,0.609556694902615,0.610422591062123,0.611150252956023,0.609688724127727,0.622364294708304,0.634452291323154,0.679046446188942,0.679538690773378,0.683336043451092,0.68483441572446,0.665212928574385,0.673357723203499,0.672087005922465,0.67421683524043,0.686097146718037,0.678855698162838,0.668240773397778,0.66556511883541,0.657778875585312,0.657830087136199,0.651613874467236
"CPV","Cape Verde",0.406030317119215,0.406144236109018,0.402686314263638,0.399233916819972,0.40224060058381,0.40550663576842,0.39617007895538,0.388218155185581,0.393689945581965,0.394659572605326,0.41646148989506,0.387561737274512,0.390781594015979,0.39713448961309,0.399715180783812,0.397467117301849,0.413183478563131,0.419646194154137,0.421931305827445,0.440686383019366,0.442857929328047,0.440192990425228,0.439332661036966,0.437423888405241,0.437268105107983,0.443865532361666
"CAF","Central African Republic",0.253861346208084,0.253871866795168,0.25591758968214,0.257963092978006,0.255415002643886,0.252836109224374,0.249392890347134,0.245943051915533,0.240723912904457,0.231095928056193,0.220092139984608,0.161669347681939,0.158483370276204,0.159431641682695,0.159223615917675,0.138253172420585,0.138355649911208,0.145015866365536,0.128610778819679,0.11630872507937,0.120831413163313,0.144026251882713,0.141964270436542,0.140626723515203,0.1403787982741,0.135595938472813
"TCD","Chad",0.246091437335934,0.246092510171256,0.24831193582109,0.25060241853751,0.255272960470488,0.259955336056022,0.255732686918973,0.25157446162889,0.24390306411798,0.240095057038112,0.220887502658908,0.17560473316539,0.17458560167501,0.166165651902248,0.173117285519823,0.162692635847741,0.165020651114729,0.170084835832496,0.16976565501344,0.166853851694106,0.172092017260063,0.185647149721607,0.188062899907843,0.186014126220299,0.189359741749884,0.191685215161874
"CHL","Chile",0.443319230613697,0.444764435898559,0.438704183244812,0.435008030714852,0.445249309637164,0.456699436262931,0.465134404039277,0.476785465296574,0.467619121290358,0.471736617394254,0.483630009126822,0.498244807741418,0.510347691482509,0.515069486416641,0.512168899111294,0.524215147960084,0.530215211821942,0.545514911053577,0.551247035080555,0.56877079054833,0.563490212872362,0.548302369025602,0.547520167128065,0.548692244974809,0.54195896508965,0.54272754798027
"CHN","China",0.363026011681284,0.363952906049316,0.36136831414617,0.358904994224445,0.359429460842961,0.362937671404429,0.359736886515671,0.35871263923799,0.367745708368488,0.371098055755627,0.399743986671029,0.478396119214394,0.492925576910339,0.512337870435622,0.525593889755209,0.56352999671343,0.5669079122948,0.572127184923437,0.579380172050588,0.434592265295879,0.448223131143925,0.449793678507183,0.459835471686025,0.464982283766316,0.531523299720662,0.552967567166084
"COL","Colombia",0.289420512324981,0.289825431128921,0.292040271934851,0.294869557462696,0.294110921169932,0.295533090304463,0.299246062861664,0.302889503018173,0.300736221150338,0.306125474288681,0.31711006945164,0.296586871445025,0.302216220768821,0.313922349635524,0.328710953355902,0.342322034097697,0.3564307045234,0.356288533579956,0.358526354084616,0.38106187027514,0.381351273097401,0.380572456693432,0.379424406331816,0.375968981023206,0.374006642700252,0.378494336398517
"COM","Comoros",0.315601243633085,0.315615640174167,0.311714941849858,0.307829585159029,0.303315962440473,0.298734794299461,0.307888388592403,0.317004490881016,0.299954832680396,0.302687948742285,0.319917009994163,0.2755704646479,0.265291192872797,0.260680983302076,0.260543571540123,0.264277902670366,0.268255055956548,0.268884182377168,0.283787141273171,0.297887780504328,0.294639014101228,0.303933032304693,0.302274911858379,0.29214084560088,0.287927813489424,0.280681881384671
"COG","Congo",0.268081946697352,0.26808746370863,0.2578126766757,0.247537964913166,0.254635965432273,0.263121498395766,0.262157197453822,0.261438941255355,0.267932114174417,0.271179452222333,0.249292007192653,0.220813870939375,0.224386974377901,0.225780330954132,0.232742283476538,0.218640003086229,0.215823044906826,0.208112288047184,0.211704190310181,0.21986602328239,0.21642900966125,0.23764601071021,0.230539031660597,0.233587194938857,0.222216768034972,0.219282389752764
"COD","Congo, the Democratic Republic o",0.233083917097332,0.232860469291937,0.232628019639201,0.232405830470237,0.232184013811349,0.232552057328516,0.232960273524378,0.233470765850644,0.234040536349514,0.234620654005935,0.214825597204588,0.152894908403213,0.151542958435707,0.151467550632959,0.151462069802407,0.126024323922737,0.146398679437112,0.147747396355188,0.151050151767456,0.150785794859997,0.163506398356572,0.207660434602098,0.204007364389352,0.211050014435057,0.207909435254219,0.207552355543295
"CRI","Costa Rica",0.394264075667324,0.393007979925049,0.402032644364708,0.408477465272056,0.404365376095133,0.401871549362159,0.397179542651701,0.399353491265394,0.399371092044497,0.392674226451013,0.400793905874882,0.377256444932871,0.377800541085031,0.387930445568163,0.396496444716595,0.408919226668421,0.403618246964152,0.416612735168063,0.430482581850347,0.453636447657594,0.460324312310129,0.454513901879005,0.451869750025784,0.454298298394667,0.456175863468871,0.45827917336291
"CIV","Cote d'Ivoire",0.311643613346466,0.310854761636334,0.307041810807573,0.302643813103422,0.28819551791224,0.273921969201956,0.268113128451225,0.262310243503038,0.252077996420234,0.239780550673597,0.220730814077219,0.18135179213862,0.199104455841853,0.197164649280702,0.202665287948346,0.185410492650849,0.186363682305901,0.199632222622233,0.21155340763119,0.2492126833461,0.266897651629061,0.285136301999336,0.28273958739377,0.29380838990065,0.300851212414367,0.305080511398472
"HRV","Croatia",0.395105454771982,0.396188969661153,0.402002149339955,0.407099380912235,0.419575801015713,0.434534668357363,0.448966306921318,0.458008458268508,0.473340533511471,0.480723289550074,0.469274074195852,0.450904315250291,0.461763427937953,0.462679596559044,0.458409007055019,0.472240295520665,0.470323560037436,0.469590578766735,0.478974084482709,0.486159940833433,0.490546200640128,0.493507104670556,0.490036442292316,0.490271148243533,0.495527581937146,0.488179565408804
"CUB","Cuba",0.264616895089736,0.262126216531423,0.261149141067562,0.258807056277713,0.270998155670441,0.276779842687111,0.279272813862843,0.28114438853599,0.279814855017527,0.303812297838273,0.324188419670727,0.357401983378623,0.377305932228075,0.389386337541271,0.383398961775731,0.362195302797876,0.346409735914801,0.329129669312388,0.313089220441778,0.314524523107649,0.31781868481595,0.326585237304786,0.342674538145341,0.34202083531331,0.346939021513895,0.34975367562749
"CYP","Cyprus",0.449635961409462,0.45213339312891,0.452342192436501,0.451539118495126,0.455454175920143,0.459147305500338,0.461892510454834,0.467632258897407,0.478594637415107,0.471877477231964,0.497867099270371,0.573428241366423,0.577734296700909,0.597249844252156,0.505640165743086,0.500694142029648,0.493263194383833,0.499515010664404,0.503617301936031,0.519621546920593,0.521224092570068,0.508975222311684,0.522579598707828,0.517289995109964,0.525011230947852,0.516949897111718
"CZE","Czech Republic",0.463055761719545,0.463794623803879,0.460066835893709,0.458778954587277,0.448322762213213,0.43941110172387,0.455231629055974,0.469498274338789,0.476545116173195,0.472084392236426,0.478232856176239,0.487546544560132,0.496523857949949,0.505419178509361,0.504619370762814,0.518390405050827,0.529106522524729,0.533163750975981,0.547410441384657,0.562929094994452,0.566408025061527,0.557198895228226,0.564948929198039,0.560623023538682,0.561385030534918,0.555018810496946
"DNK","Denmark",0.652122752435716,0.654472120308812,0.657582538483229,0.662662092398325,0.668832890555622,0.67391897410867,0.677395284034862,0.684804423979276,0.687767339554232,0.69200578219081,0.69668838745749,0.757132343606293,0.763549701758622,0.761445632489469,0.757911501899556,0.766362246048755,0.776421076788971,0.779525089234944,0.789918987894952,0.797479038481951,0.797678302146062,0.775030504810708,0.774139977894384,0.772435632639131,0.770108566043041,0.77545846168407
"DJI","Djibouti",0.31390889359447,0.313921148465801,0.309787092984488,0.30561204485635,0.311426119249066,0.317262346254127,0.320204194840921,0.323209732663603,0.311061695100731,0.32545536597493,0.333388314136663,0.291133025089293,0.298519807344514,0.314499646349202,0.320574445506417,0.302770095022016,0.296902925668444,0.298984957967599,0.294587355135429,0.303822089506451,0.310604691295718,0.302696034861622,0.319614950326908,0.326933674938133,0.328795132902927,0.329372435651344
"DMA","Dominica",0.590390242248865,0.590390242248865,0.576949003654086,0.563507765059307,0.557493881902205,0.551479998745102,0.559693247145573,0.567906495546044,0.573004003502645,0.572808685771247,0.606170016197187,0.548683091779412,0.540679775974246,0.54503368001605,0.542136342878163,0.540646659742868,0.53628685477609,0.529411373600644,0.537327522601359,0.541486788456839,0.542685509230771,0.534128366258659,0.534546172970381,0.528801138826718,0.514001911708596,0.518993728865508
"DOM","Dominican Republic",0.316527790784946,0.316607212222384,0.310797267360183,0.307292283811989,0.310208539446833,0.313568854433445,0.320215735063562,0.322276518809535,0.311345159063083,0.314532050037208,0.309609076562441,0.314503976741057,0.322612996703628,0.336605841691206,0.353359259491735,0.345193302116385,0.341173548763521,0.350092039270622,0.350095171507892,0.360841013133774,0.363744266718337,0.356814213522435,0.3527811476168,0.348660711917604,0.349744579931394,0.355894581490989
"ECU","Ecuador",0.296202595899305,0.296797785263289,0.300682387254456,0.305576749574855,0.291736426490581,0.288111696414835,0.286712391501242,0.285873123245676,0.286858731102241,0.291979299216583,0.288179010790716,0.285580937872362,0.288646337506537,0.29309606770838,0.293593021648057,0.288232343821389,0.293940243049883,0.300277521012678,0.307859215563792,0.314249239337438,0.312969209371785,0.331505868700542,0.330026324484298,0.337288906148932,0.338119521269114,0.335181308998329
"EGY","Egypt",0.350201659932203,0.350788657471621,0.351181949276932,0.351588504820141,0.350901710682762,0.349806303008592,0.346557574535556,0.345809720121701,0.336123207448291,0.335195325752486,0.325386641539142,0.28362872022497,0.297731784364135,0.324556489158281,0.334860662783043,0.338078578938295,0.324932382527579,0.327409098197922,0.322116243587235,0.329979670734948,0.331076927986114,0.327795410450354,0.332333110664345,0.336009811798576,0.339851703338409,0.343858525274108
"SLV","El Salvador",0.297638114789971,0.295446541996764,0.300009758743657,0.304689926403773,0.311277369266814,0.314073934249513,0.311699611376689,0.311929534709268,0.312281710907785,0.326764669541217,0.320400757901647,0.337707476751612,0.341325196292173,0.346951408657651,0.357544292533585,0.354100970786181,0.3570369760144,0.354280527418556,0.352524957451793,0.360314005032046,0.353708838323128,0.342364851595246,0.339088486220556,0.342752758313287,0.347829584951056,0.346666807511202
"GNQ","Equatorial Guinea",0.27365826621128,0.273714129809732,0.270153787482323,0.266662055673569,0.265170923940425,0.263827255281369,0.263243481724305,0.262929051180642,0.273240996164769,0.265786936895515,0.284135994058519,0.241301182657231,0.247537631593369,0.24646367298351,0.248516185440541,0.245704028026326,0.243518439147049,0.242890374138387,0.244256998154781,0.239684188328447,0.239128702619554,0.245592744646235,0.237111074741044,0.238488785840896,0.236770019087829,0.236992667746831
"ERI","Eritrea",0.308229985113498,0.308182426333699,0.317285127470566,0.326375318028267,0.323183717466429,0.319540525526163,0.315562826962133,0.310833757919849,0.292918835273303,0.286789293191827,0.251949719548998,0.219800091824389,0.214098611014586,0.216841945118225,0.214194260031169,0.206047138666406,0.206327003284052,0.202332630991965,0.200842105689503,0.205513859453588,0.196691330148427,0.214222633315602,0.216166926947076,0.215603680665916,0.212351279341064,0.212355547875245
"EST","Estonia",0.455891296414766,0.461525079905373,0.465336660936736,0.470166482847694,0.474979198037824,0.48554404986289,0.492542876933566,0.499184267523861,0.503460476164063,0.511656218258343,0.523543159291625,0.586182742549472,0.595943975599581,0.610240837541551,0.611829643362574,0.619555612945798,0.614443804895736,0.603761000063382,0.614980335204119,0.641984390225634,0.638642338196599,0.619290414163089,0.619956938099648,0.61807165019147,0.623269503196543,0.618477834692047
"ETH","Ethiopia",0.281770977604761,0.284894755978955,0.297208785818843,0.30947828969219,0.31041748361583,0.30843109736863,0.304838760985968,0.301195733102139,0.300169637036232,0.302886145889732,0.286853960105813,0.285527035385897,0.287903682604201,0.286323188192239,0.282603473872582,0.285502925288806,0.288327136914201,0.283373131368126,0.283820134343611,0.288857253306915,0.288549277709982,0.304685891075402,0.299948824587401,0.315891128798852,0.316556056473917,0.306121825323745
"FJI","Fiji",0.395478801578389,0.395602553551223,0.391902849389407,0.388356277459738,0.374974228369457,0.361927136627903,0.369174559859381,0.37723729367103,0.374830642114938,0.374916842481402,0.378118911809488,0.412079204917324,0.412666581931111,0.411928731959874,0.393201763593719,0.393683066690674,0.408952871029492,0.407996544979555,0.407285692015236,0.438565989990294,0.441979493369285,0.45152571857784,0.458595982697459,0.466572778797835,0.470000105891928,0.472425835105015
"FIN","Finland",0.671680235518187,0.673359743685089,0.679352063497691,0.687522525314582,0.692775448406063,0.696424528376593,0.698724012329113,0.70319448247579,0.70648507367572,0.706983966585264,0.718583807226273,0.75446057176567,0.755035690264854,0.758606450078859,0.755014735852794,0.76575750388474,0.766823702602768,0.775196661665388,0.779575532685339,0.789435535876801,0.772497090572036,0.752418503962164,0.753147080504981,0.749212728553344,0.746970687803055,0.750667267315567
"FRA","France",0.582556521527701,0.586243893684845,0.585776693739147,0.585413844635828,0.587871682380794,0.591330807848973,0.593000564684842,0.592249618221989,0.592699821877156,0.598080106922019,0.599922223680676,0.618771465679896,0.637209316838521,0.640815993598185,0.645133237288168,0.660013916809152,0.65759366860425,0.656968428734899,0.653777927480287,0.663255982598941,0.66404824925408,0.651289581241278,0.65683190857763,0.652784143995595,0.66682362551619,0.648524987466746
"GAB","Gabon",0.36757225731736,0.367632466743378,0.373231618808764,0.378810854901634,0.382293761772934,0.387590108152652,0.387191010192182,0.387606356367929,0.384162631257796,0.376169656447835,0.408138721419502,0.314666185643138,0.31219842995707,0.306891280669172,0.303392094706842,0.298008058618544,0.297565190196239,0.301379006854248,0.300125441723931,0.307138290554913,0.30215795458576,0.304555566673032,0.301153222849888,0.299303631500057,0.294007406286113,0.297962162664258
"GMB","Gambia",0.369093215740183,0.369027964679392,0.372314339059994,0.375589610416273,0.376127140374184,0.376708039837527,0.377093226850876,0.377434175293592,0.383327264360055,0.367445566123307,0.385910977331049,0.318433766645231,0.323926177940085,0.319714213848507,0.321623261002773,0.309198914025895,0.312136138618014,0.308960914733207,0.306736875856394,0.308636292254361,0.310513476495101,0.299183498732893,0.312674177293327,0.313280368716765,0.318549527057609,0.328818963998126
"GEO","Georgia",0.321165050882773,0.320216611385431,0.323136082371229,0.333899357805889,0.341731757610013,0.349201681694132,0.346676599594759,0.333794206730632,0.349783886765476,0.371826106491513,0.376638859228279,0.369247335604928,0.430862871008142,0.43942856299115,0.449641116971241,0.471933399357202,0.478672694650726,0.498354090823469,0.517528207681317,0.552597526599636,0.549639860284965,0.551945211749725,0.556857578018455,0.563960912474719,0.566719258874094,0.566164135033675
"DEU","Germany",0.619419971280209,0.62106538419347,0.622714523514937,0.624644341145578,0.62981647545884,0.636529770675379,0.636908748705851,0.640069964066216,0.634106318221635,0.635032273707864,0.642223393866314,0.684948413530019,0.691468369068156,0.688391115085909,0.682987746735262,0.69917179000738,0.697282802957134,0.698638555505815,0.706430103528957,0.726484872290727,0.715902366116375,0.700806093625449,0.698399732782852,0.697805508237789,0.69526356422704,0.690177173155596
"GHA","Ghana",0.329446596244065,0.329459554103176,0.331622759558815,0.333787281053005,0.338114014738099,0.342464451875971,0.3374189250479,0.332504800533184,0.340045882927353,0.335648187620201,0.329784243397509,0.328425094244253,0.335012730716191,0.343848523308185,0.351278617256049,0.349329467671728,0.354001992268971,0.351682885783347,0.35851400716839,0.346908479225156,0.351063787184673,0.348197055814805,0.353289184002941,0.352409854027982,0.355594138733067,0.350604238196081
"GRC","Greece",0.425443590881761,0.429108146528348,0.438285628622676,0.44520253508592,0.451179342433379,0.458553944093217,0.465614964981756,0.469825999872112,0.469704974693556,0.474378026122355,0.469370239988607,0.496059663045003,0.495547539582166,0.493346542322014,0.49488458762571,0.494551369763748,0.486100740916484,0.479069188483647,0.496906218669346,0.511635094806804,0.516467924584722,0.507004671120473,0.50705631285886,0.516187290591689,0.523715115032625,0.531361436157473
"GRD","Grenada",0.460166518549145,0.460377324983941,0.459485550267886,0.458339747587891,0.457274912531977,0.456586663947904,0.457880452327534,0.461344341159911,0.465899586145068,0.459564827192906,0.477607278200093,0.417205805058683,0.411309706037004,0.4073742699602,0.407797785405017,0.422811390519852,0.431033777191137,0.435086482324023,0.443513728166538,0.454238029914527,0.469950864554903,0.47402274618334,0.470178185746386,0.462474534089378,0.460809297292799,0.462066615617136
"GTM","Guatemala",0.270639417976365,0.270383663899061,0.277095721731904,0.283014207599213,0.284491276990723,0.286977317568769,0.282894741279886,0.279154108891638,0.277035318165788,0.28998961982542,0.280343189653943,0.260976559847826,0.27183198401348,0.277978372523951,0.278003345643661,0.289672869582026,0.289925525410147,0.287425415016422,0.292857301496173,0.314547621232363,0.318545977109333,0.32303921459554,0.31708723228009,0.314074432876993,0.318515175286823,0.315931525390814
"GIN","Guinea",0.292152522235225,0.292089908725561,0.300498911301325,0.308923833831122,0.297594063513999,0.286274615730543,0.291995762910631,0.297788463042712,0.304741019206707,0.296728080752514,0.280263172509217,0.232831823762757,0.222650007469256,0.233499871593017,0.235776744823565,0.234991965525069,0.243136622462318,0.248947696663273,0.26481995719092,0.280244437911468,0.296881760490144,0.309610505428249,0.306700541285481,0.304918172093986,0.311691369506551,0.312703709206483
"GNB","Guinea-Bissau",0.299830577442756,0.299838307363787,0.292970317081733,0.286111743020783,0.302547155916998,0.31907399243944,0.320065334299043,0.321268269432257,0.325171780079306,0.321359544401057,0.338778579831479,0.267956995909332,0.26672513021647,0.260429790784649,0.259427339481204,0.241843033357775,0.24103210655886,0.245603372240586,0.24434969525237,0.257622850671265,0.259541024094754,0.267086024130636,0.270336593251677,0.269566625968958,0.270990057879125,0.269287965355595
"GUY","Guyana",0.362878508422076,0.36351517839737,0.36631516079036,0.367833236666252,0.359782455044205,0.352215680765597,0.349753733088345,0.34673618174097,0.350104351622119,0.348083598564682,0.310608007758883,0.307434722179863,0.305509473956292,0.30489712705332,0.300973575623303,0.300390217611736,0.297311143248026,0.290731788814257,0.297012014585867,0.30933113713816,0.309797996353132,0.32101337387309,0.316815044285722,0.315795739172405,0.313334373890706,0.312166775035405
"HTI","Haiti",0.247032630227076,0.247032658476155,0.246830028658741,0.246652383991603,0.246540698411697,0.246522578870073,0.234429794222711,0.222546808138708,0.220928107661283,0.213228931200725,0.207328159681307,0.209009140450346,0.215161210599219,0.220413334731659,0.224691314527361,0.221113581383274,0.217619758880487,0.225876870419251,0.232722386007901,0.231618549699183,0.230491257757021,0.242260538991981,0.241557903204737,0.241460199390519,0.23536019865692,0.231958824501077
"HND","Honduras",0.26539566109541,0.264747044300103,0.27863935587422,0.280565242679796,0.278548933163097,0.276936774276537,0.278223799718056,0.2727011398104,0.273284238690065,0.279173126020683,0.266403643346214,0.260827379797605,0.277211150872172,0.282051729990097,0.293745306583765,0.286349550796158,0.275162700386922,0.265123156753243,0.270049814080996,0.276110751115251,0.278003290786112,0.27291488467544,0.274013555667918,0.274189618615107,0.267696267866298,0.267311064883928
"HUN","Hungary",0.495353455437058,0.486509591723549,0.489472778899871,0.494608411533915,0.49640243264612,0.503307193001505,0.51473830664942,0.519876655685468,0.510527089854645,0.51370095719812,0.513730957851666,0.533629575738068,0.531687184195604,0.53419516368544,0.54026452416854,0.527404901004677,0.534749473530817,0.531942300607553,0.529679883861008,0.52083562929555,0.515796312085193,0.503780785154047,0.502903722798731,0.497177649211041,0.500789202239413,0.499735629062906
"ISL","Iceland",0.565626435213975,0.562938918767027,0.580333991769592,0.615222120450993,0.618031470336592,0.651409639350635,0.651176710921571,0.67875929712752,0.681552894121035,0.68923154054148,0.691035690970791,0.713030364690382,0.739978584618716,0.726368257407293,0.732333064849155,0.732075088240225,0.730757266988369,0.714475599380689,0.715179428995189,0.754772901717218,0.734329342296417,0.716954419853929,0.717059683057818,0.737521840787393,0.727257300224586,0.716842151233647
"IND","India",0.355732338912028,0.356210869007943,0.357253789305196,0.358725324068344,0.362047842302777,0.365429498353457,0.35828681622616,0.35151175309007,0.35198983669198,0.353217229402729,0.382492366505183,0.45464551900081,0.453592961727176,0.457723825369708,0.45473820292596,0.480556708164575,0.481481099511285,0.483547889643414,0.488150891280107,0.289441253657071,0.294064145022928,0.321955697979274,0.33733047904765,0.346413568128487,0.362624350240644,0.385969707771795
"IDN","Indonesia",0.345505767353759,0.345650229614295,0.336080091174948,0.3253738413968,0.329765327746431,0.331971966500679,0.327559413080698,0.32372054301651,0.316699064516485,0.321418630602509,0.347806862437676,0.425349123029052,0.438083839206998,0.447014813998091,0.447906617960881,0.469973697618339,0.475355577534331,0.484991427643333,0.492140098725792,0.348613963022925,0.347641773205253,0.353077094031884,0.371881121383615,0.380730056565087,0.378935465345155,0.386502075192424
"IRN","Iran, Islamic Republic of",0.317699358396765,0.318737451983793,0.317136379865473,0.315910395039579,0.318971098711111,0.322259529977396,0.328499160429676,0.33370197977397,0.340986645087976,0.346413616351387,0.350746978423901,0.329007419634406,0.355946966624132,0.382020518359721,0.349875134439504,0.347168974826601,0.36149219496901,0.364123182037322,0.373197054862965,0.40532868740276,0.417332001855301,0.442864454571311,0.440434774910748,0.400950918346913,0.396305582552456,0.388919933311032
"IRQ","Iraq",0.286551123016565,0.286349877124065,0.289612390424116,0.292869178417479,0.292432082891058,0.292236406250486,0.295085336900599,0.298221717496598,0.298947077076285,0.276844985743162,0.260672344591434,0.25424502203501,0.252125099937797,0.257949568711326,0.262159747523193,0.266183700634603,0.27074088165568,0.264955505680079,0.268849960760922,0.276280583512645,0.270884367880812,0.293948251980793,0.306259760555998,0.301192836490526,0.302896976678249,0.298124620928909
"IRL","Ireland",0.514573763593588,0.518165711444623,0.524197876301869,0.531348545941518,0.537323598678925,0.542084382508072,0.542927615367443,0.544387657544637,0.542023005861598,0.539052762968907,0.549127175464261,0.603399151501803,0.614422696768261,0.613298857693807,0.608157118346007,0.602904746746233,0.598871844581863,0.590001916753912,0.606368383265224,0.628538309876382,0.638630627728671,0.616437343160774,0.611872115681136,0.613273852222352,0.597746267276536,0.598480012906524
"ISR","Israel",0.519987858848864,0.522804198437356,0.522526872679033,0.522084257232276,0.523710606904116,0.52583327289479,0.515859716862968,0.512634400020124,0.513207840385987,0.515990567455613,0.505812385623339,0.526432143702862,0.542618850832538,0.544871766209266,0.527877273506928,0.538132964772065,0.538096159011604,0.536492523543273,0.533020915542947,0.54442159649457,0.549089525948399,0.536289720474805,0.532939909238813,0.530233555465359,0.529155620254713,0.54192577031707
"ITA","Italy",0.474680355255839,0.475163926602386,0.475687573199509,0.475279147049273,0.479795271477819,0.496152625363392,0.497991164287949,0.498943520018647,0.497769324631622,0.496716516033399,0.509500676715818,0.517231423705103,0.518303225220195,0.512773709981131,0.508958985371476,0.510474967779633,0.50650980000226,0.49657366295216,0.496439318665437,0.511371017550758,0.516191090437348,0.510123699006146,0.505952226979192,0.519995600213008,0.524676960459781,0.522700128120751
"JAM","Jamaica",0.370295224084872,0.369933598151961,0.369741526164724,0.368739061115622,0.365433632840717,0.35078092667862,0.329101536773537,0.357619668040226,0.35789026083302,0.362346725536465,0.351642682875503,0.340080390675204,0.342823978165624,0.344630968040637,0.345708273316165,0.339692472731971,0.351793858429414,0.351246693207644,0.36275214746086,0.372000324020745,0.365013058946264,0.388356579366296,0.392553631667372,0.400878150308818,0.396449716669109,0.403371202065648
"JPN","Japan",0.577483934557558,0.580395404730089,0.582052636285985,0.582985646558409,0.589017090592006,0.594989689721588,0.59200452612071,0.589155617603399,0.603590065688224,0.610238701320698,0.634493416425748,0.710838405124878,0.709046505812157,0.711915442863067,0.716974459180488,0.742202868488229,0.745655752818349,0.750375291820864,0.758773675138813,0.711087747216182,0.706168714161055,0.69083439993341,0.697470953770108,0.693157913749009,0.691566484627484,0.68952534602986
"JOR","Jordan",0.357899798908547,0.359024968985672,0.366710978383175,0.372865524970375,0.371193817213177,0.369730461348375,0.360727690478976,0.350440688639297,0.374517991343421,0.37870398395816,0.38414996336574,0.384681143914699,0.401032701489067,0.40845960838358,0.400646631326054,0.39940570896424,0.400858425859933,0.408748080556501,0.407334814824291,0.419327488440431,0.421565621669063,0.411397504049447,0.40882400985358,0.405863862788239,0.400683833339224,0.407491599159921
"KAZ","Kazakhstan",0.361681900009227,0.359287656679696,0.368817799081076,0.376636494533223,0.375189477661645,0.377391453865583,0.387311837057025,0.393987795729276,0.408485895188108,0.41027681478135,0.422608232204957,0.396458893894958,0.410404627356618,0.410703392973682,0.427290451673654,0.429025286434667,0.425548334912445,0.436778420373238,0.450021127976698,0.473440418881225,0.468882419429364,0.491061655021204,0.509849285601595,0.505811212531458,0.513156977094741,0.517119451686512
"KEN","Kenya",0.291539197545722,0.291542111452068,0.289793017847252,0.287548979570735,0.288472560726266,0.289471515563697,0.28995500956871,0.290490969613062,0.290616630994995,0.293049332107247,0.281032674429634,0.26634639108603,0.262406787354596,0.263715232867385,0.266979043084237,0.259523228489817,0.250452594079282,0.243010565017529,0.250739439752068,0.261232589468711,0.257599909724992,0.276631491011646,0.289942819301107,0.295176490343748,0.298488076737485,0.299105690830078
"KIR","Kiribati",0.454329884992894,0.454329884992894,0.446629897593578,0.438929910194263,0.447597908357022,0.456265906519781,0.459052122235113,0.461838337950444,0.466582068184578,0.479885370136231,0.477622799288046,0.489626107201186,0.490269253085034,0.472300332902028,0.463108962228709,0.436940216386641,0.434068487395372,0.432514415352177,0.434710363644542,0.442103580274531,0.438341273095486,0.431972586700539,0.441342993904626,0.439577998256145,0.44903950084117,0.449909035589355
"PRK","Korea, Democratic People's Repub",0.363230523331285,0.363222928712572,0.366185186755962,0.369148158983562,0.373250020876604,0.377351897519938,0.384698459086838,0.391656146487947,0.380797680514801,0.374031115651507,0.375728326836429,0.363791010220838,0.376608758880396,0.379654608193705,0.366794009838717,0.359131442796182,0.359247058519255,0.364335015110859,0.354344504307817,0.341150896502451,0.338142272792213,0.341953152165098,0.342987924244398,0.345141142314242,0.343996362586758,0.343975443639431
"KOR","Korea, Republic of",0.539517249771691,0.544483024519399,0.556003140991813,0.55478846922232,0.57030087724144,0.585786563107447,0.59840946420868,0.606472462417931,0.608713896236108,0.614477296477942,0.62549035480838,0.653686848213027,0.674557369968049,0.672869743995873,0.67820105646302,0.708127573639694,0.710511923992505,0.7109916262955,0.72225675710058,0.736719463592728,0.73204587996984,0.716543931292436,0.721320322338979,0.728050479622281,0.727323575878012,0.724714631564898
"KWT","Kuwait",0.375981703875959,0.379469306983673,0.380565991465885,0.381078755001354,0.383086847317689,0.385249759788659,0.38817718208535,0.391340492498632,0.39686580906338,0.398964935480548,0.389324457798668,0.394443132458229,0.405026924786852,0.404584297527531,0.402432397515879,0.409865455065115,0.400999106327377,0.398450020525287,0.406054194655609,0.409420703127262,0.398433981143375,0.408194464611141,0.404122798423407,0.415784666270454,0.426053074899367,0.466524933236865
"KGZ","Kyrgyzstan",0.360957205365782,0.362255082795241,0.369259168409413,0.371675501722384,0.370190017809167,0.377426310693899,0.378134844074654,0.378568714630017,0.37542731177883,0.361396856262213,0.337561196110362,0.288613587359891,0.314270864162828,0.31514098477623,0.32921539327499,0.326819002918065,0.343236676470133,0.334751011745072,0.345638137032795,0.366603146475961,0.35915585459091,0.388890404829459,0.392836730428177,0.390834982501061,0.395324888796743,0.393521644436588
"LAO","Lao People's Democratic Republic",0.305146882993009,0.305579361989944,0.304718289021089,0.304207619113986,0.295232542373463,0.286275152703364,0.28772222240197,0.289546373456561,0.269101722606241,0.281119331307296,0.273684779581648,0.272051073199422,0.279552551662031,0.288779777461231,0.286246153614554,0.270427767113312,0.278439274836924,0.290244312468482,0.294713316773172,0.300506175048037,0.298855244195968,0.314061950244108,0.318650290724535,0.326134926743913,0.324531793505211,0.328270922381999
"LVA","Latvia",0.459337067185511,0.458339323954004,0.457284357197816,0.467618351617493,0.454612179159594,0.458537893628518,0.473909514115637,0.492996892257427,0.498148131804524,0.499317936377729,0.504223997566879,0.519623689986747,0.536006244082479,0.548158251309898,0.554204940378156,0.536163168805142,0.535796785272808,0.562847470789762,0.577542827078847,0.581405945357189,0.586406746843757,0.575905258789011,0.582135847926724,0.574507184152365,0.57829200411622,0.581806615798219
"LBN","Lebanon",0.300502922235977,0.300947573826919,0.306140332351247,0.310666026490421,0.313165337904643,0.315510189431315,0.31528890026397,0.315503481276498,0.313470009602494,0.312491514159701,0.303662029649677,0.27533601351206,0.272449388468685,0.279937952129899,0.300315226321701,0.312214591830583,0.315543148730703,0.317736096602764,0.323817279347854,0.329047056478317,0.328029491930911,0.321558700271566,0.313393510872463,0.306888112265486,0.298318249629585,0.29055677444246
"LSO","Lesotho",0.320304294878651,0.318881740332426,0.31601051715758,0.313138122299031,0.313981402464991,0.315054635248421,0.312676055524215,0.310614649509233,0.309813862299788,0.310896505958335,0.297680735713276,0.275218685238957,0.271536416840956,0.279241434881903,0.28946248766228,0.285601295626606,0.286995210760973,0.285887782864669,0.309711705280125,0.317115356544117,0.313568783351892,0.32400499956723,0.323497995657175,0.316524214034972,0.309425493690587,0.311348178491256
"LBR","Liberia",0.272351540112667,0.272350438771709,0.273759929640951,0.275156805881355,0.277450593838461,0.288164712012156,0.289617687570088,0.291077095424208,0.294975142320693,0.30253159314024,0.332962293142645,0.420301824696721,0.25710502742515,0.241414336561147,0.261584988349515,0.26394470406162,0.264045411028067,0.273692682691441,0.284078690860512,0.292589289390787,0.289261049148701,0.293187824032147,0.294504329700528,0.289615051967841,0.278978652450236,0.278468506718157
"LBY","Libyan Arab Jamahiriya",0.295175699220204,0.29595639392025,0.296133276575905,0.296533899014452,0.302735743068159,0.306152791264554,0.311163356182282,0.316442099472843,0.328597635929666,0.334503222517097,0.355574827480383,0.423268494867833,0.440113479077057,0.450938266356769,0.442439993993402,0.45192390612943,0.42316183669107,0.418259308896471,0.295728948192791,0.290688428165984,0.28538906284715,0.283863684021164,0.283680457750868,0.280621405540282,0.275316437500372,0.270715042092784
"LIE","Liechtenstein",0.526756215178088,0.529789684824623,0.533864731741068,0.538040392422864,0.5413233097873,0.544521623835263,0.550731104738524,0.558874411754561,0.563079569010839,0.57133949680032,0.573651988634605,0.578751664416353,0.591793793236963,0.604361451134471,0.622034994375771,0.627322147515526,0.632582018719346,0.632619896696101,0.633284228470189,0.637303778834522,0.631046930693403,0.632638398013376,0.635972998465488,0.639104586586379,0.643639515364394,0.646897020923828
"LTU","Lithuania",0.445849003267304,0.446849906808064,0.450423093888054,0.453545648595608,0.449543608577596,0.449641003686215,0.460038578177529,0.474389168947344,0.481715261241433,0.486550334627897,0.507692008256399,0.546507210931433,0.556691061601862,0.563299806749559,0.562203966417572,0.563651248419327,0.562079111499526,0.573236828440622,0.580526647050877,0.603375407390104,0.59570089612847,0.583504686220043,0.579603450629986,0.585761761046067,0.591833044912603,0.595683719899232
"LUX","Luxembourg",0.524284511358216,0.547730859773988,0.542588990597104,0.539416929518957,0.524936748709013,0.605710008372156,0.569542924149755,0.560518483035345,0.524269233032765,0.537352315689715,0.555938119086316,0.633472023259915,0.570577607403786,0.608820873106262,0.621887524190694,0.648010472520607,0.654667686567913,0.673992197900176,0.679708397658135,0.692322417840533,0.701513292880539,0.68956485699218,0.68354711176977,0.68515463553619,0.66676577987021,0.672333281966928
"MKD","Macedonia",0.368675253487983,0.359575512878708,0.363386115479146,0.367892041114623,0.357336009705507,0.35189212839829,0.345938737427318,0.339650414881467,0.348706309623413,0.360595457583777,0.346784000554993,0.351191489999674,0.380901448913583,0.385042025106082,0.397911084724834,0.400884181228238,0.40531453656424,0.426824914242442,0.437073341288267,0.473140549001756,0.470043516948391,0.465315964356575,0.467303107020523,0.465020448090457,0.467728888371968,0.469304159370385
"MDG","Madagascar",0.306459102726246,0.305925860103955,0.301926069276631,0.297648651232619,0.304873641020597,0.309678402804232,0.307329635619295,0.311428054278703,0.327753166064762,0.323274354420584,0.316218607950202,0.292757142941165,0.299685044438029,0.298390355876454,0.281397892661446,0.255521700682064,0.256799412681787,0.261065131776449,0.257984807458158,0.263981467315733,0.263226575630276,0.264563786497928,0.263957172459682,0.267722558741105,0.266182103485744,0.266448672657836
"MWI","Malawi",0.307167931861741,0.307218344111598,0.311193922622409,0.317036361683256,0.315950118785172,0.315047706077868,0.311005577121938,0.306987462092671,0.317829420040472,0.320370849568053,0.316799433938861,0.304724831205048,0.303435055700969,0.299257926340093,0.300100170704306,0.281582118229938,0.282901248874939,0.278839715624389,0.271285831866599,0.262294668051878,0.261515828047712,0.281298982334087,0.279257853937581,0.274693521487939,0.279678308245059,0.287902079851243
"MYS","Malaysia",0.394754113263018,0.398415132712058,0.392803941387778,0.390732294102953,0.39437488066006,0.399883004576055,0.408371569845227,0.41807989874866,0.426678315107076,0.428566234086097,0.418552719269626,0.426342634197541,0.422712606984778,0.417563498965763,0.429978612579428,0.454667475983174,0.455565872062812,0.485374729514499,0.500491183360712,0.530162379054474,0.532798776659329,0.508241965160495,0.494101200044312,0.501031179703049,0.510022421130492,0.51003132021892
"MDV","Maldives",0.378481082567389,0.378608513978543,0.376255173739361,0.373861046607811,0.3832615777142,0.392962030964374,0.401148418858258,0.40983647905857,0.419992999162001,0.404731585492348,0.425422601231456,0.454269195567681,0.43619039873086,0.428828299912662,0.427859583870343,0.417662573143047,0.411365690211356,0.407590285730822,0.396755281393636,0.416867606152815,0.414075222841405,0.424661080346298,0.419865986058556,0.421829904519371,0.434669295945489,0.436463048293251
"MLI","Mali",0.319108043589501,0.319200541149279,0.321346617387261,0.323168870177304,0.323255386433144,0.323058114180147,0.3242056713311,0.325920794210435,0.328123754289618,0.330850356555875,0.323377112971587,0.291762213173455,0.30165198342022,0.304766863799708,0.298963439493594,0.306099028026412,0.306266177694449,0.280311361338546,0.28437874200498,0.290519100396293,0.291213442501616,0.308011555984061,0.307270806068187,0.303517018869168,0.29937470027939,0.292367235704986
"MLT","Malta",0.437834012457612,0.432379874429956,0.459215925945974,0.447081696940171,0.457747988081389,0.482693648176162,0.494742579048305,0.491948500466924,0.498961747314795,0.485346353450658,0.510642771471624,0.579890347192693,0.589779096960541,0.598946770719526,0.594174676766012,0.626351920678729,0.618637840542362,0.516806881496867,0.522603422474267,0.517649197181113,0.525899405525127,0.498612891629234,0.513350813044427,0.515190306153983,0.503258826084771,0.509800393582871
"MHL","Marshall Islands",0.326112710880395,0.326203172280062,0.326129571158328,0.326086142245846,0.331901768762779,0.337753777999077,0.338924671309952,0.340220815930951,0.332599892780263,0.327239044960397,0.335760923075922,0.358817246644481,0.359077651510208,0.365300478093234,0.36463729838735,0.357567305165699,0.365602147923426,0.363323625101553,0.369693437221043,0.372894696465367,0.365694054006324,0.35592237943512,0.37133055629823,0.363718818642312,0.363562308373411,0.358853804071648
"MRT","Mauritania",0.348356669901401,0.348189899751779,0.348087997665013,0.347756295498568,0.349294119520155,0.350440332511279,0.36020150739251,0.370087416673643,0.359948542549976,0.344723131979227,0.337596872782287,0.308481216610505,0.309590451377314,0.293508979807471,0.30492178541931,0.283541431341011,0.283637553273595,0.296416983577785,0.299552204756423,0.313844784004268,0.315705150659914,0.348310731123114,0.353526827671683,0.361429918766681,0.361894002781024,0.357162416638664
"MUS","Mauritius",0.429132863326889,0.430097526013571,0.438526016674368,0.448004428057791,0.449480607672468,0.451146614092425,0.459489485322731,0.463420312167357,0.461599226272261,0.457737902608427,0.435302115383447,0.458910224732631,0.465030125466427,0.486595199207341,0.49204850926401,0.508189544801266,0.515660648264964,0.519028909944107,0.526437930029167,0.537643098131436,0.540925100931305,0.526236247383167,0.526609029639904,0.551885702889028,0.554077488069846,0.568485093437368
"MEX","Mexico",0.352384117702529,0.352839762657038,0.359101514875251,0.365764570602721,0.371666055622283,0.378332094092939,0.385522096780857,0.392584236417755,0.391734120292634,0.390822137431794,0.401713603486741,0.478447752383587,0.480368746471536,0.47939177812018,0.483347302821032,0.508029147204715,0.510784853278623,0.518027010314051,0.518907108590694,0.378000591205848,0.376867829940557,0.375483099048843,0.37756756209907,0.376127133746274,0.370000351498662,0.366048158951361
"FSM","Micronesia, Federated States of",0.323245052196531,0.323362093158446,0.320250537582106,0.317490142509276,0.314167658163943,0.310793349804771,0.312098543081319,0.313355532732281,0.315235797424636,0.34398663697865,0.350890349740923,0.357428185563607,0.35315622952948,0.346330138833704,0.340578566624173,0.3370458889655,0.332857560703429,0.337212049185285,0.339976460987008,0.348004515560714,0.351187540961162,0.354764854698303,0.356465415655722,0.355014559944721,0.353907115998701,0.354059187904058
"MDA","Moldova, Republic of",0.423887993947451,0.426549437977327,0.430020139662883,0.425082890696674,0.411795268325296,0.399987340072231,0.426223672295034,0.399983879701765,0.415216013547666,0.415427804901747,0.434465799895577,0.397193406459737,0.412336943474108,0.408041769391592,0.384694908436127,0.39578710097932,0.400500392172856,0.400781310424965,0.402806630695024,0.407799220657968,0.399639137868847,0.41510234408347,0.425399762586381,0.430135595881059,0.435005019533966,0.433954007376656
"MCO","Monaco",0.693436217511904,0.701348543756507,0.709887902612065,0.618283830205939,0.725002319419419,0.697744777024785,0.703782630189173,0.749894976500078,0.68165685725639,0.751483846817397,0.578580906079154,0.732679449297287,0.780838458055387,0.76983641259737,0.644156759808532,0.741312761535633,0.755231993511051,0.693612815755396,0.728283328538523,0.762280212251768,0.727757155103988,0.787535839707462,0.851702710107008,0.718907231413865,0.848966013354216,0.747460170235827
"MNG","Mongolia",0.405376920690308,0.404183800368592,0.415423265915061,0.408651873212455,0.407426455284596,0.405344004496933,0.412105893634225,0.422098906030326,0.418294682616956,0.407396498975858,0.403998023619293,0.384615693151687,0.383646679225336,0.38118511510881,0.385685451070218,0.378727984364904,0.381060246756277,0.385296406807376,0.402580265474793,0.429787242340236,0.425161109803766,0.45170058038357,0.456176394392194,0.459473708893691,0.463216759794082,0.460150763503009
"MNE","Montenegro",0.418528173107037,0.418528173107037,0.418528173107037,0.418528173107037,0.42101861684518,0.423509060583322,0.423406124446791,0.422610132471994,0.410699875621911,0.410203886535927,0.435592639622541,0.501419845752796,0.39933880198639,0.42138909671602,0.432939479369479,0.429560492927172,0.429637893939658,0.453577688011689,0.450388290123506,0.464416872029344,0.469156876668298,0.459369636449398,0.457861320762722,0.467152945992064,0.477633279710846,0.469314494630395
"MAR","Morocco",0.356396864552461,0.356503540065158,0.363168777672163,0.36830640294633,0.362968015877698,0.358344949937942,0.355082945810172,0.351481574622633,0.345934476488855,0.353014702694786,0.345333325997225,0.356267124175984,0.35942761784329,0.36344997068387,0.37163621662198,0.372846445263267,0.362953340719441,0.372614807320369,0.379315523049968,0.407306755167001,0.412842223157488,0.411690032225665,0.412770753981334,0.416277324325798,0.419723067600609,0.432120035971812
"MOZ","Mozambique",0.288715411113657,0.288729462868978,0.291593958257031,0.294462717923446,0.29418285516252,0.293903864223604,0.294709681688626,0.29557464088573,0.290794403792277,0.28807282489654,0.276829836429613,0.275652339585714,0.274267093419822,0.27636705143381,0.277910285844189,0.281196344122219,0.281129832312974,0.270245342284216,0.259545379428073,0.275897684479968,0.274145764306559,0.264458899144047,0.259673393835325,0.269120512153847,0.272910627568587,0.26856351051554
"MMR","Myanmar",0.238884473097899,0.239487454939939,0.239433715802077,0.239369846696597,0.237969604010731,0.236570053625565,0.238199449333054,0.238255549561271,0.239920550875215,0.232945990606339,0.260351282873643,0.329993333005415,0.328566974921362,0.332206736765416,0.32993816848406,0.353515193802652,0.363254570142775,0.383332741063846,0.195224158039052,0.219194502290501,0.23089564375683,0.269129758801942,0.272735922049298,0.274321413978058,0.273729054251732,0.282121928535599
"NAM","Namibia",0.379751244108821,0.379331720961549,0.3743258449869,0.370455952295378,0.364268068811803,0.35856567825641,0.360265425861767,0.361028882983048,0.364043293637202,0.359346766178226,0.35316601295654,0.360927968994708,0.364758162917216,0.379111864220819,0.364352845272744,0.361623897860017,0.362407638461616,0.366253262260436,0.369549219238462,0.372667454043053,0.372581653299056,0.384977266639428,0.378436230184802,0.383745771699624,0.377603989686257,0.376780474287339
"NRU","Nauru",0.541430828052473,0.541430828052473,0.543863464041118,0.546296100029764,0.54516283213521,0.544029564240656,0.543942697984389,0.543855831728122,0.544029888150709,0.541287773796434,0.536045440736246,0.544952055938608,0.523457231948585,0.506288594881928,0.516811883980022,0.540796817562149,0.523979629561466,0.52690840825252,0.477634674883437,0.394789244079831,0.38632221793424,0.449319440153398,0.412029987712099,0.467055687639382,0.474126285212607,0.488117997362031
"NPL","Nepal",0.352822086816805,0.351995429614084,0.345522445845652,0.339073730796376,0.332316427598886,0.325538966406159,0.321688032775288,0.318055787749776,0.313676559539953,0.298629161735642,0.307823521205795,0.311235397889236,0.3127889116709,0.31208884303995,0.312045265847593,0.312319514358308,0.309025959541312,0.314611753910652,0.324410800759229,0.343225693176949,0.342744311161747,0.356576031588977,0.355643184505266,0.358379010913022,0.351836180472152,0.355569664079479
"NLD","Netherlands",0.60224293294205,0.609146304732863,0.613729735082948,0.620749744981717,0.632677659389519,0.636239312781211,0.620916708866368,0.617648569708615,0.617216519942116,0.614698998664085,0.624407298166566,0.64967251949973,0.65944356416357,0.675613071027537,0.67758111120886,0.678671617370011,0.690087465102265,0.68699014786112,0.695591317203816,0.717328646568609,0.710283927612238,0.696281183462794,0.694897441069976,0.69136104555293,0.687909036379165,0.684251309478929
"NZL","New Zealand",0.645918655363551,0.647932401874751,0.653057346945654,0.661546291120521,0.664980073458369,0.665597387184701,0.669826556402524,0.671773707739201,0.67436078840056,0.68258002350395,0.692128414899435,0.745857548916458,0.756147640466558,0.760717211563457,0.766918750075178,0.772710899118178,0.776784567821652,0.778775105576392,0.782144819841837,0.801651505684474,0.803203667099953,0.793379585471302,0.792966306819814,0.7854276343836,0.703968234257533,0.704072479187762
"NIC","Nicaragua",0.320043304935897,0.320112954976666,0.319851801311465,0.321043679015059,0.320858702721078,0.321404809447049,0.327156427546096,0.333420006677045,0.333492405762455,0.33424696202978,0.324508542644305,0.29301601278292,0.297940767147697,0.293743468029629,0.288557182896526,0.276064858906888,0.27917194503929,0.29129516204938,0.300276825422563,0.302838259565041,0.308011380820818,0.305052655767828,0.305772504533052,0.278288492188727,0.272028829238667,0.27192623003162
"NER","Niger",0.291015439939185,0.291017399397884,0.291063275092706,0.291111380652866,0.294388082319459,0.297659202733334,0.294634271579804,0.291654343200294,0.29843756003629,0.291116868356963,0.291968172505854,0.263384910282789,0.280101777195994,0.281087164841517,0.278079333799691,0.267840441047654,0.276944103107391,0.268660982893524,0.277030293980374,0.280276181992065,0.282520027163117,0.305100942656212,0.311443297890204,0.334269662620663,0.340114911106965,0.333103573230323
"NGA","Nigeria",0.294585228354314,0.294586880145646,0.299069436414263,0.303556362765801,0.300199541388962,0.297352260308876,0.288787093421795,0.28034937654944,0.281922170522949,0.280374878902995,0.317178719420475,0.384923950176831,0.389965626822239,0.400206767413163,0.395880700193798,0.416473692505065,0.419178803514428,0.420238594989083,0.423885769094545,0.203868440003394,0.212662892040832,0.231082074552483,0.230407461484516,0.234178918513442,0.239258011951337,0.250858246124371
"NOR","Norway",0.649567904460133,0.655895902921042,0.661585020208715,0.664544267398015,0.669137759830119,0.670976564514248,0.674621086956712,0.679313557877173,0.677884885866318,0.678816621330993,0.69787651941561,0.743365999593932,0.746535624774327,0.748759908194179,0.74654722328153,0.762199534826396,0.762142249585083,0.761881923413758,0.786692852676229,0.799358186636914,0.800581705895309,0.791536130278972,0.792996500226588,0.784016221302259,0.772844404642524,0.765146394646355
"OMN","Oman",0.366683155484607,0.366677319153655,0.368752219310773,0.371379008894987,0.377120554829947,0.382781919248702,0.389838547370559,0.396272650425217,0.393530697654013,0.397665456612407,0.394339832721352,0.427104593113014,0.435595414428473,0.443529465711412,0.444909904108041,0.454595503680197,0.450034539929612,0.462682122769359,0.471479040785195,0.499529539384836,0.49854281275845,0.49322084976464,0.491088370045857,0.491479366295084,0.503441519606842,0.505513017825569
"PAK","Pakistan",0.342124703318038,0.342126339257058,0.338903890388912,0.335690526874579,0.335651399031475,0.335744811935068,0.333967759170607,0.330462713349877,0.33586050955761,0.324914445467519,0.347817575160833,0.42371089216417,0.423004968152964,0.420395370086956,0.420356652303834,0.444453190941016,0.440228303827221,0.443696158718274,0.451307477088511,0.282209368794598,0.280220013991323,0.277966459511439,0.281671040871351,0.282720801129953,0.285323349969479,0.310739347542506
"PLW","Palau",0.397544320167082,0.398749316564106,0.400765191624012,0.402781066683918,0.40360830711609,0.404435547548263,0.397890353200874,0.400064104500348,0.404188878023196,0.407547332861594,0.420879980681319,0.42930857512749,0.428964094229076,0.430182347246473,0.430211720145174,0.425278404988726,0.420584892913644,0.423404172130586,0.42493165266928,0.426237242867784,0.421572500250662,0.433621613221051,0.42331075976085,0.432100989322019,0.432203476816154,0.423944653490986
"PAN","Panama",0.342448950665386,0.346231519605526,0.354211467366399,0.361225039871274,0.357885598090789,0.352240666284506,0.35550108057172,0.359112136638482,0.353583318765251,0.356997334240886,0.349172879005525,0.357600539391939,0.363443616345347,0.373576136322049,0.372965119344188,0.381066495528662,0.386033745497267,0.377307567066355,0.383994479644668,0.40669589905289,0.40827038223086,0.397207393446881,0.392694475354999,0.396451780466588,0.386626422094938,0.380313392428509
"PNG","Papua New Guinea",0.295319168365253,0.295498271418878,0.29631064064273,0.297121204608125,0.294078543747458,0.291000845648322,0.28608004264517,0.281242244454936,0.277676813985592,0.277968912251503,0.26303392587024,0.262231882877921,0.268429629634103,0.264932451361936,0.261638627466957,0.27224556336451,0.27268466991052,0.275170093852037,0.275402011551662,0.291458911076923,0.281115955580244,0.29064157524564,0.286712378616593,0.289261410074955,0.280867622182916,0.284290881932771
"PRY","Paraguay",0.276914900206798,0.277279310922742,0.271472318022441,0.266780033267391,0.264947592837337,0.263401011802804,0.26553691248144,0.26989641060659,0.276083020136897,0.283919863679814,0.285535622431353,0.268081883941001,0.276913440926091,0.302540204783948,0.304328765163834,0.305250431628162,0.311944671176476,0.314047802901074,0.316862055045404,0.34028856713888,0.346247327613254,0.364788900773087,0.362917980500381,0.36544750111447,0.359978137863023,0.363232490634256
"PER","Peru",0.352610917669344,0.352064743480414,0.357249482990604,0.336254526062819,0.334595058652302,0.331582937605557,0.329651413622999,0.329297846892282,0.334563530594956,0.339892174703816,0.332904937893651,0.351417412817818,0.352272054453974,0.359559053156437,0.351722843379597,0.365563152299701,0.378383775138214,0.379903304797747,0.38675002014999,0.398631686428297,0.401770890105402,0.407028786355885,0.401707370422694,0.404106601914745,0.408637569763381,0.405183276769228
"PHL","Philippines",0.32837148234071,0.329278780160605,0.333042261853928,0.337411107191576,0.323182962132119,0.309163206855454,0.312517658280029,0.315395279470179,0.302839039417196,0.295504511072724,0.304793277296078,0.292069125893391,0.293058319803965,0.286194006126195,0.285802141910289,0.291752651003792,0.30262668170068,0.316722538744983,0.329140106277055,0.346554045456637,0.340479805369109,0.326374943864968,0.331838896357007,0.329548438367981,0.331956825140064,0.340289877118321
"POL","Poland",0.4512811789765,0.452146400993833,0.456942874765014,0.459495579240357,0.455743003506928,0.454824093086582,0.456789635228921,0.462270682032163,0.458240551090334,0.44997101128999,0.4539860596436,0.452352046473991,0.465113754086471,0.479684482253383,0.487061852181923,0.496320045871458,0.511425858118268,0.521220648373773,0.540641240632554,0.566574838749971,0.574415702196953,0.560694081378805,0.5578794459346,0.55877473819038,0.546491949042774,0.545914250448128
"PRT","Portugal",0.448065557375108,0.451197531744353,0.453238867078538,0.458970163126018,0.460029568315403,0.462159885030448,0.470834744965794,0.479123333958879,0.479123509014958,0.474793375195798,0.473138251483419,0.479698185359824,0.49963181960125,0.519444666189088,0.524743007531837,0.528401529392049,0.539549383308691,0.559771318839256,0.56758899734092,0.587196609276413,0.59845895077906,0.57783546265377,0.583439396571092,0.583270532389474,0.582476708216529,0.578285064887328
"QAT","Qatar",0.377508227086165,0.379998503340089,0.393120005246501,0.40530296687994,0.40880760319684,0.41078279882305,0.412221017911346,0.414553505455857,0.41735330519003,0.416260240565331,0.445945603904024,0.520907001949035,0.517761349288862,0.461769190415543,0.480260636574899,0.486828183833292,0.470267585811673,0.48181090312344,0.497341986368353,0.500163225172446,0.499629532082099,0.502697706500761,0.497871643986255,0.502576719583234,0.507690047045578,0.534836526441998
"ROU","Romania",0.37818422203712,0.382650093817778,0.380724975123749,0.371413048506767,0.366262625450306,0.36773206637671,0.376372508786898,0.389527324084677,0.382578428714803,0.390694345617707,0.400693783320744,0.38847971292023,0.42376447895338,0.44249111749723,0.449542276644877,0.426515295983224,0.414677742417502,0.391834883402907,0.401603620436992,0.420165590562601,0.43465776800527,0.429252382536228,0.432548638591626,0.439106237327998,0.423385411213209,0.435258172436792
"RUS","Russian Federation",0.389075396671834,0.391355272523889,0.388823954261076,0.397779445570776,0.408407248946726,0.415121357721114,0.43262847531697,0.44816109810644,0.45114926553359,0.441747841211442,0.472835635515084,0.552382177928215,0.558109547225629,0.573227344762304,0.561138797587512,0.596113571807937,0.592648285727371,0.603947964423501,0.6113342930932,0.484982100451447,0.51142046666333,0.530654483734442,0.530240536363697,0.541454598063477,0.549612034262395,0.550336507662827
"RWA","Rwanda",0.246870874969846,0.246876794295702,0.249273096443424,0.25167444047301,0.256701258451404,0.262008637621654,0.269516919062818,0.276928716965233,0.284743651626218,0.284731740913111,0.266437914860575,0.264015294764188,0.276804637024771,0.290200120840323,0.310499129947937,0.343275350968381,0.352107684215605,0.352963350750182,0.358290131597561,0.388698812234607,0.390427118127883,0.405936622859311,0.411388461164875,0.416526659124795,0.414941057300658,0.425694749993365
"KNA","Saint Kitts and Nevis",0.433388677009442,0.434765536602359,0.432351453157691,0.430222065809189,0.433746495657535,0.43759343057166,0.43924588922007,0.446790071397279,0.456707024702638,0.462366931926782,0.521683428829872,0.489896605253495,0.480886299559296,0.48658053358201,0.506052726126118,0.528769156013086,0.534607183296431,0.539425897671777,0.549589575547865,0.53919898957579,0.558491120738742,0.549421354310737,0.569680356795873,0.552394777145323,0.552330948030575,0.566297662352556
"LCA","Saint Lucia",0.443154803851337,0.443462400717906,0.435165190503079,0.426878566342536,0.439029712032551,0.45171819872321,0.442369735688041,0.434430511032188,0.451484941662899,0.45153216813799,0.503048637766074,0.457885338172367,0.450847985828509,0.458136869524074,0.463349314485526,0.465975425447581,0.465991044312583,0.454613016919298,0.460621832105826,0.455613285012341,0.461725800224543,0.465022899781677,0.455945515143295,0.449705429711629,0.442779710751209,0.445981459370643
"VCT","Saint Vincent and the Grenadines",0.431132397304458,0.431520448368363,0.429299401296009,0.427220523976933,0.431244868535293,0.434854864689453,0.432971783194834,0.430680212331656,0.440954646519526,0.445387118544233,0.501068239547206,0.477868186439846,0.472223988852358,0.479196471625017,0.484659901143371,0.495375170283421,0.498533144976339,0.497984131234169,0.484508368329394,0.48862447909168,0.491679749593367,0.480629141000998,0.473477318599504,0.476453688968715,0.473383507884621,0.476475038417491
"WSM","Samoa",0.363006691671923,0.363065106846901,0.358793026855882,0.354493703450733,0.360659822950771,0.361670483411605,0.362706561480248,0.363678128088831,0.36788192964536,0.363786857976119,0.36817423722687,0.387960810159838,0.388273841671207,0.384693562873872,0.375636370645598,0.392650873782029,0.404542427437187,0.407820525158397,0.414333146872618,0.429532223212014,0.430577829882089,0.426838706791936,0.434241953498337,0.431470137784469,0.432062397089175,0.428495697547221
"SMR","San Marino",0.563679595887932,0.564084031825331,0.565875366888532,0.569635835969796,0.582758919514896,0.586045747633264,0.586932559597917,0.587248348203496,0.586992853634139,0.585946970537328,0.602793445674575,0.678103769483381,0.678664166656037,0.685334829516151,0.698129341053714,0.720681331044126,0.710788386054953,0.716000473351075,0.62375301424257,0.577769797579988,0.624012399183892,0.626760901725568,0.627889958933111,0.623222449482629,0.622247032500224,0.631015375943487
"STP","Sao Tome and Principe",0.398118547736207,0.398152126791095,0.387605345222611,0.376872090329128,0.383272206689689,0.390825330838832,0.385540833201358,0.380326234584712,0.374043332200606,0.376572879033606,0.319677352241361,0.303231854213544,0.304108869227262,0.306019251087897,0.308792017957966,0.310736093724454,0.310671462546458,0.340500251004697,0.342000633762286,0.353446169108937,0.358165860775375,0.360759530859203,0.36273585953039,0.367271100092166,0.364621998227236,0.36161655065492
"SAU","Saudi Arabia",0.3015137522682,0.30222247606366,0.304208603123486,0.305647637937534,0.310465317634818,0.313435913360081,0.319082436720121,0.324958638852525,0.329052921236399,0.315794817308727,0.343105052442356,0.364315668965515,0.376619845643601,0.406128399175994,0.409514245502018,0.430944928866893,0.423291541930309,0.436505901484013,0.457337577723607,0.477051952799024,0.478944542737977,0.504325846342394,0.502668922094887,0.503507685287042,0.503440972349499,0.542993951930033
"SEN","Senegal",0.335538642546155,0.335561470147635,0.334140062208999,0.332799804608812,0.337228997455237,0.34194807007327,0.346816763924711,0.350888111974979,0.342071301777667,0.348724510094434,0.333234062127189,0.293588723571103,0.294704583846992,0.295286234855246,0.318158844889077,0.294006000110857,0.294065800948884,0.305012310199302,0.309706925141347,0.313956215555225,0.321288904661524,0.334276309253963,0.332418359559327,0.344008450223093,0.348908371061553,0.349655224311338
"SRB","Serbia",0.330367383082731,0.330367383082731,0.321071786475783,0.311776189868834,0.315146032580582,0.31851587529233,0.334861393843341,0.350028181273296,0.357840722684311,0.363884762950944,0.343581665442621,0.359002766595359,0.371377606776294,0.376029781672801,0.376327718171463,0.381002448755768,0.382239540309021,0.380410255089862,0.399959497292128,0.419462280297456,0.412893571371497,0.41731325548486,0.447365190601205,0.451209481631549,0.452015560485145,0.445012806412086
"SYC","Seychelles",0.434710155807741,0.435315892884707,0.425689907918834,0.416230742575377,0.419358620600729,0.419965744290869,0.416460704101802,0.412426881842488,0.413752634266762,0.400467527665712,0.434110853823473,0.403814298777433,0.403668914058767,0.409994190402403,0.407368317701543,0.404453916465858,0.408287070378125,0.408039574156995,0.417776442219065,0.424339957594446,0.443787104331402,0.430211192142571,0.444321968322128,0.445917587013383,0.451610151569445,0.458107227599462
"SLE","Sierra Leone",0.274061712914189,0.274065029263194,0.274749284325984,0.275435081528131,0.273848760292936,0.272320039176785,0.283743265545627,0.294858981060481,0.291539284830637,0.302601083702777,0.284020431380128,0.249560505951207,0.256834996681354,0.251728632313292,0.2705882791242,0.251828901402673,0.262014590420562,0.268710259718174,0.278916097045379,0.289364571437392,0.294985427229342,0.308109246323036,0.31971532743209,0.318728211648849,0.318699079726246,0.316063662782151
"SGP","Singapore",0.56740904644213,0.580025093154492,0.59029292497102,0.594078974214571,0.60729463366125,0.632958318798784,0.63576862069177,0.65145684874503,0.649752647226996,0.659669296109332,0.658123514874063,0.716558407411497,0.731826803442324,0.741313576252082,0.724556737484665,0.754539278780839,0.768602664869072,0.776996402603301,0.790395316731445,0.8145625785216,0.813248361218686,0.792699079687803,0.798453895690665,0.802276630242457,0.803691829300434,0.804268920793762
"SVK","Slovakia",0.426753321056635,0.422553550796642,0.42682524528547,0.428993106475044,0.430492325134293,0.434933171646389,0.441742786550198,0.453801674278207,0.459824541889265,0.465938154072113,0.480029323738984,0.504232272615589,0.517252558423647,0.516502948762981,0.514049847007713,0.508459529745899,0.50919831866501,0.502709953439345,0.507937611275641,0.51325516195224,0.502324802467856,0.503940933175186,0.501737388494439,0.508606695519864,0.50882209086911,0.513056872831698
"SVN","Slovenia",0.532291580284128,0.529789476472928,0.530209526686784,0.542487042458308,0.532721480698636,0.535434245282977,0.543146527446107,0.549415892559711,0.550540422796917,0.562198783404173,0.56880719522823,0.566423889385281,0.576043523623299,0.572039635932817,0.597108597110827,0.621061417229452,0.628602454612229,0.629296685599575,0.626153214352331,0.634052063287084,0.626238916607408,0.621163129927684,0.612530072251601,0.607070536824072,0.610123597022602,0.603749115548556
"SLB","Solomon Islands",0.455043832066049,0.455043832066049,0.44607355350951,0.437103274952971,0.397774267025372,0.358445259097772,0.349143480514599,0.339841701931426,0.336976947484962,0.368954736754203,0.368631902879531,0.371294352459817,0.362648693692982,0.365027221712372,0.366046601652853,0.355772438528399,0.361862309822845,0.358813324641993,0.37582969287432,0.386495785855032,0.411252716783934,0.4056860341822,0.414427509397189,0.410982729114724,0.412068620108256,0.41448385967728
"SOM","Somalia",0.270155074735122,0.270155074735122,0.270642727325216,0.27113037991531,0.269682494329127,0.268234608742945,0.279981995342603,0.291729381942261,0.26740340112105,0.245544424505377,0.288986470477283,0.376561822873275,0.368056197792662,0.358820848177263,0.369483381194712,0.412335344285724,0.416268935587163,0.427538438662435,0.436271802842144,0.455613349799913,0.460380997289166,0.356289314353023,0.358176261201181,0.354791799453049,0.354086905281833,0.35616184055415
"ZAF","South Africa",0.374441716368719,0.372675242359825,0.366965125145632,0.363828354076681,0.365495132748028,0.374316462765722,0.373303197003987,0.37178924480711,0.372682674712409,0.375489871923961,0.372716083861732,0.371264508778616,0.366164497864993,0.363291701707034,0.365132884783287,0.35411409545187,0.353779757195321,0.354752279066335,0.368836908568182,0.376124741676253,0.370413005594651,0.388936543436374,0.37181200846575,0.367314812206088,0.366257936535201,0.363998680425148
"ESP","Spain",0.479867041849125,0.485238743576796,0.490551004859589,0.496419865217283,0.506409694536519,0.518671798184345,0.517742201788679,0.520144003246191,0.519218874416686,0.517975703791475,0.526784259865251,0.535339917017196,0.537836208190699,0.540494244192098,0.531693247162045,0.523737781676413,0.53037071819738,0.532967334356683,0.530982785545391,0.536622280347566,0.541795741509767,0.541431089490729,0.546092491685127,0.542066138569548,0.541871682677111,0.536000249437802
"LKA","Sri Lanka",0.355603770950774,0.354025356556241,0.356132259074784,0.357085658752578,0.35429212758677,0.349207031387738,0.358480259485019,0.366828316788727,0.362259422242559,0.358406105323928,0.34005741036843,0.337434234403423,0.336793074565164,0.338277333305079,0.335993219530174,0.330631824696269,0.333620314912406,0.339023051186695,0.354022327444181,0.370458858332005,0.387672218941085,0.387917677018112,0.385706219869116,0.38697057945195,0.396717015424868,0.398112578348733
"SDN","Sudan",0.275282142696624,0.275290889158775,0.278913115675,0.282549058987417,0.284639383213756,0.286927003721397,0.292399334872847,0.297757187439784,0.28594996673991,0.296765962575048,0.259391180457518,0.243432295201078,0.242313300324538,0.241096867819261,0.250959476231059,0.241422924793559,0.242934957994953,0.238590438026215,0.245999099879164,0.247465060992265,0.246025287908262,0.26061052613201,0.263969389287715,0.268658584553771,0.266706468188291,0.263189013564703
"SUR","Suriname",0.370158402276686,0.37027237891963,0.373680366524578,0.37704995426518,0.375912636890752,0.375237858739779,0.375377569278425,0.37494812200756,0.380678325355809,0.374675026759086,0.396383128212987,0.315658890876907,0.316509137898938,0.321703253284585,0.318568866859375,0.308512005750672,0.312505740618989,0.313096609991113,0.318108655948325,0.320042277055343,0.327754469185853,0.326921562054829,0.338568465308437,0.334638930953821,0.332927796871402,0.331987401426588
"SWZ","Swaziland",0.368427359649455,0.3684572531964,0.368332684730889,0.368283447190861,0.365416306863085,0.362752027630452,0.364096495696942,0.365366478914701,0.357196208797333,0.348724111373311,0.365838158240383,0.314615953662259,0.315266611233106,0.316884879367869,0.315332136952393,0.299452581453757,0.297627188770969,0.298773995772227,0.307857192102334,0.312893161584728,0.312189665195298,0.315326299925801,0.324399671273847,0.315290673899164,0.307738490672249,0.311584815572833
"SWE","Sweden",0.621529143280271,0.624887678468328,0.630285207107961,0.634085286804172,0.645432734481898,0.650891855591464,0.658125865261362,0.668689370082104,0.673277102615659,0.676507731267184,0.682798693376017,0.724287956862804,0.727479183809507,0.727709074518166,0.726503244114114,0.744282093045212,0.750760404938784,0.749208978428723,0.748384344783963,0.753500561054762,0.756947336960315,0.74212501293199,0.738877384820827,0.731806289779607,0.730395703325847,0.722726257586917
"CHE","Switzerland",0.612257965777177,0.61345573043376,0.619713576752642,0.626296656905752,0.633629876541121,0.641037458824076,0.643964787630503,0.646960161955977,0.643835068624553,0.643474026416309,0.65498267692181,0.69760083317688,0.707286201355548,0.705824326263627,0.701426208852021,0.714263922559026,0.711130353595479,0.711986397302734,0.719303543226681,0.730336242174484,0.728068833356627,0.713717968449238,0.704532230474504,0.700036942373579,0.699510415036217,0.693764112944982
"SYR","Syrian Arab Republic",0.313880218047205,0.313149186948284,0.313808153782739,0.312691405051372,0.311431543075381,0.313128195617406,0.322622812954535,0.333797940254939,0.325898277102601,0.320931495132359,0.314631653904442,0.293679297249846,0.300588564302157,0.299523110139073,0.320095941568978,0.314504410126245,0.292478183244101,0.269108610101428,0.266935164455182,0.255863895907538,0.248753530824069,0.251256416810651,0.235286017174345,0.232526689277198,0.229776435794965,0.22701644796155
"TJK","Tajikistan",0.284374980976411,0.283439101949171,0.286673077880114,0.291309194487985,0.29517054020084,0.299777674214191,0.307395122131692,0.310358098336696,0.314676542298046,0.30684670752877,0.328234751734273,0.254431357061767,0.261465793339102,0.265416252089165,0.264116497541077,0.25092674199526,0.260941467916239,0.25519865014505,0.25761527521923,0.275420124839795,0.282321440014512,0.315364644019243,0.315508207749018,0.325608396493021,0.327726922029996,0.329314923778286
"TZA","Tanzania, United Republic of",0.328383421764123,0.328419951745263,0.329455882419155,0.330396438818764,0.328267440888371,0.326122552226457,0.326547070670125,0.327015262163595,0.323046457821607,0.326614564013931,0.31509610098823,0.302266083765169,0.301218556998863,0.301046903228012,0.30311044257553,0.289713736268181,0.293238504809041,0.295049369594715,0.294970866806022,0.297511116833755,0.298356374509036,0.309034104045739,0.30336213073148,0.299022561930548,0.301013933494359,0.301620405654246
"THA","Thailand",0.390829710832073,0.391774767461106,0.39849121077951,0.407170408449274,0.411641636181846,0.413926058072792,0.412623620390959,0.410997321484531,0.406331643934488,0.395225061752087,0.402899044816237,0.393524370187815,0.395414617077585,0.401336680926045,0.415315364766169,0.421448351195048,0.424027036872166,0.431042354968965,0.441404782626667,0.457696718897284,0.456034486556726,0.448305894218738,0.452992579760671,0.464786576594875,0.47552441001246,0.48662099368828
"TLS","Timor-Leste",0.364184179842665,0.364184179842665,0.364184179842665,0.364184179842665,0.364184179842665,0.364184179842665,0.364184179842665,0.364184179842665,0.365483531337931,0.36688848980748,0.305207053727418,0.292121309799417,0.294500304130083,0.307737366634291,0.326585919003078,0.361823838939975,0.371462584685702,0.373289848795635,0.375588440498995,0.389839865651888,0.404321332496646,0.398868334577143,0.38584595799294,0.381345703162261,0.383970160240862,0.369816205867742
"TGO","Togo",0.305934913735208,0.305952941648966,0.304543973394135,0.303125516630121,0.304885504175874,0.306678155901032,0.307674335252858,0.308719390203374,0.302068196248311,0.294869932364523,0.268880950756754,0.253617598725142,0.262113661162493,0.261840478849914,0.259783723581043,0.260079581182016,0.258800616498723,0.257946544853435,0.262761478708598,0.281486484140358,0.293865638131101,0.313886947643954,0.307855348421387,0.311507976165256,0.324501056490343,0.348885991950586
"TON","Tonga",0.340889087146284,0.341168058725264,0.336026923384188,0.331265614435649,0.334211901191544,0.339201010393148,0.333087452142269,0.329654754559254,0.324757991678737,0.343794843447396,0.334684020617307,0.350882997585868,0.356247623590058,0.364561755804312,0.368094663177873,0.39277316952767,0.398583119493466,0.399526468478195,0.405395010971166,0.413674081877668,0.409391872725004,0.411697582659937,0.413955724063608,0.417284511332563,0.412972661158647,0.410171593306513
"TTO","Trinidad and Tobago",0.407311915107448,0.401302266980228,0.40399589305838,0.402353911406337,0.396122545680173,0.390861858427289,0.389303571214352,0.388092406005836,0.386394628635538,0.388150098196829,0.408547683747335,0.326391396977606,0.332639383372907,0.33288282333323,0.331080964692495,0.340523640931883,0.34499781007905,0.343009930942294,0.350709019389262,0.360042446266281,0.365090158610857,0.353557885596382,0.354491058952299,0.34515124638694,0.339648236949402,0.340518565921696
"TUN","Tunisia",0.364770379546918,0.366292257431749,0.36907785515814,0.372337867209332,0.375821646916181,0.377685464176902,0.383846358681253,0.391188413918086,0.39578053385286,0.397689283431061,0.395686542267719,0.418797612346064,0.417627912758037,0.422054612071166,0.428802953697219,0.427663890867956,0.433054652958116,0.425159150181381,0.421958651485099,0.436378443665673,0.431689639288605,0.420173649370347,0.421776782580471,0.421819653652301,0.429461273282426,0.439754081665497
"TUR","Turkey",0.338352245994103,0.339757936624668,0.343891327286379,0.346647422022989,0.351787973020734,0.359164570523943,0.35766642615329,0.357200641517633,0.368289250765934,0.372011474016349,0.395924743416546,0.398482155606574,0.409207501138918,0.422065463648647,0.423492366782728,0.429281604453351,0.43266016862556,0.437406538785484,0.449533683416339,0.465640863980651,0.464235560880897,0.443681285204533,0.456927683374713,0.459898206094548,0.475820988266876,0.484070717444201
"TKM","Turkmenistan",0.259477968151966,0.25952693775949,0.248307716426268,0.237494262761602,0.236753861138629,0.235720210528371,0.232967397072579,0.230106730236914,0.23273677067721,0.213244322969503,0.221714969527267,0.206070692844873,0.221576090631271,0.233318970741068,0.23532539927569,0.233319737190129,0.232790280647831,0.240988131109361,0.238439435030219,0.239523639482135,0.235410186334956,0.228141823844942,0.235343988284237,0.238398621794864,0.237824604909079,0.235173717284733
"TUV","Tuvalu",0.64103151660062,0.64103151660062,0.643464152589265,0.645896788577911,0.656999717539522,0.668102646501133,0.669520838965343,0.670939031429554,0.605094400271227,0.638095602806417,0.601100877209135,0.57606228831832,0.559257410078305,0.546141038643179,0.554433733906881,0.545013663597031,0.493904375860729,0.503623747803322,0.498593098418967,0.536200058722671,0.547650334150541,0.562235720596663,0.547874333070699,0.564729425301876,0.5769612556901,0.586165716786722
"UGA","Uganda",0.306156481903762,0.306267379671046,0.307088529582983,0.307928695338062,0.300922846967554,0.296774028939084,0.295693119800708,0.294866257331757,0.297692110956605,0.30096236587937,0.287841878574939,0.274901569016638,0.279060175694027,0.280994894631893,0.276120485073212,0.266723991950533,0.272970996292526,0.261766940986414,0.259497713798034,0.265098311434208,0.268430182151497,0.295407651463212,0.300658765282673,0.295976840169601,0.289350931243943,0.287850209612222
"UKR","Ukraine",0.352358576016789,0.349704811517784,0.356978205701548,0.3611602874695,0.366970359492,0.370350997270747,0.389597099360999,0.351696507365896,0.359485745680121,0.383723431792607,0.376405244465417,0.327843709469789,0.339396930286202,0.337617323860073,0.324989544887426,0.319529765449933,0.322966493255691,0.323431837725518,0.336400337793368,0.360067748891249,0.372517833451264,0.408155791413347,0.411727265079712,0.418811626782456,0.428180051776208,0.427213910082223
"ARE","United Arab Emirates",0.402128765427284,0.40268381887555,0.404102081171394,0.405840165879814,0.411163834533254,0.417504429801563,0.432940947952671,0.446945768194605,0.43289213420992,0.433688656941299,0.444496923805845,0.48303423326842,0.490651109080007,0.492586592357367,0.487986296637498,0.514075627212818,0.527632251051353,0.536048777612609,0.561863372867156,0.58600053995576,0.586109072030264,0.571040738818287,0.578250185003934,0.579216145076783,0.581880668019222,0.584618000723111
"GBR","United Kingdom",0.612647123866916,0.614455739745088,0.619528632756996,0.625391712911594,0.630611398927809,0.63198372725131,0.630077645343077,0.633569703347774,0.629560396476846,0.626276289658193,0.622105139598412,0.668774195390371,0.668858496556428,0.666035253397277,0.656507947830322,0.682131010586686,0.679597817663119,0.683011528761287,0.690182763731845,0.715570020886677,0.722428025393676,0.706195990511584,0.700234170034388,0.69150332354065,0.694793814333035,0.683382095357435
"USA","United States",0.618311601315522,0.620159416268059,0.621255121271403,0.623467295000298,0.62932637958388,0.635964667667055,0.633839750844215,0.632390974558961,0.629041583576139,0.625219347534988,0.646713870914028,0.722022967534822,0.723122550583978,0.731244099790494,0.724114481129397,0.749127036021856,0.751055330872515,0.755575874360855,0.755450161990609,0.689981489893903,0.689907699729337,0.677668965085404,0.677439567639422,0.673702881916847,0.659394575601546,0.653280669789446
"URY","Uruguay",0.41552517136554,0.414253848486078,0.418561382225579,0.42000564901319,0.418165827506035,0.419519342000285,0.420012869785452,0.417166633502961,0.420594362659135,0.409778769332698,0.40969626204269,0.405097221978276,0.416174967414505,0.415367035602123,0.428417046545503,0.437723581124629,0.440826632711542,0.460496474152957,0.475940005128055,0.494817353462425,0.492000896622028,0.488009051391538,0.489439470208394,0.514136194839727,0.51728690094042,0.521350585399937
"UZB","Uzbekistan",0.298245342326654,0.295795793068552,0.289486057355794,0.283351372324243,0.287644564998458,0.291082571880763,0.303119288464113,0.313170538783125,0.311533204132181,0.295832348868276,0.271363389554742,0.233365974720121,0.246901414699394,0.256314663126787,0.253273052030572,0.240038276086716,0.238786531537176,0.248289058282049,0.262730016673457,0.288860204868897,0.295698505539493,0.332900151226815,0.342215431247882,0.377699199426024,0.386133770080643,0.385858175863724
"VUT","Vanuatu",0.349737738227813,0.349786053287858,0.346734226944477,0.343703780828086,0.344058595629865,0.344985683565771,0.338068378274011,0.332760903071115,0.323708210648591,0.334404444549893,0.36661861069007,0.374540758980752,0.367718630252574,0.363498161360271,0.373730074810496,0.363028874006654,0.361261415628397,0.358675829709019,0.360991050035299,0.370069650382911,0.353341307523085,0.362687025589678,0.37299720830537,0.367199652244411,0.361482848254443,0.357798268517472
"VEN","Venezuela, Bolivarian Republic o",0.295876973679144,0.295223003138003,0.295583562345107,0.295032583534846,0.293055652921807,0.290824899947628,0.284140184438943,0.271880468207204,0.2654433856325,0.2669996061635,0.270819704964132,0.244354008925808,0.241760641474413,0.247090267170879,0.237452579995881,0.222206578293999,0.224731454276065,0.223632024564308,0.219689457009158,0.21035341552452,0.206481622701308,0.217261411202503,0.208616230490886,0.195716483529095,0.196149115352756,0.190085207630194
"VNM","Viet Nam",0.346265899194757,0.347104811171621,0.346970940955969,0.346881329713295,0.346860489409742,0.345640955029223,0.342648631726097,0.339744552495773,0.341376245295273,0.340142087740536,0.357280207173017,0.36336473611008,0.369373233543014,0.367576946729331,0.367753387671328,0.3485139665975,0.355966909991257,0.356380821896741,0.365572458188362,0.374644761711552,0.380360623278988,0.401397168209758,0.403952331783909,0.408782578209848,0.418037984009485,0.42513663297744
"YEM","Yemen",0.285802959084458,0.285811105243931,0.284853106988889,0.285605764492115,0.284479723774515,0.281598747767125,0.279831206392646,0.278375767279151,0.283803336141241,0.27813662806172,0.286052487732199,0.285347045405298,0.290360545414292,0.284248559523751,0.29916242002153,0.300660769182793,0.291213878173342,0.30145102753179,0.282796665438275,0.279619020310979,0.270031647739566,0.260189848068395,0.255495295696141,0.249426853053015,0.248763367710249,0.247884481371503
"ZMB","Zambia",0.310316934349643,0.310396081466402,0.315588647039315,0.320788324768406,0.321368838477652,0.32211670034264,0.321991626528559,0.321778175780584,0.334666107643602,0.316942939453093,0.30505000363983,0.302062703658922,0.308398168200173,0.314703182634272,0.312729141235961,0.305910837212448,0.313286859125127,0.319056888525417,0.319515937461199,0.331358278580773,0.320958937906507,0.335983631455494,0.334452743060487,0.335040521839911,0.327250990528896,0.321071576240754
"ZWE","Zimbabwe",0.277940569687285,0.276726296981091,0.274640130237409,0.272556123227276,0.252370741158937,0.2321695577346,0.222269836508056,0.212362697882989,0.216012741869545,0.209665075796759,0.202458255954581,0.198619738135703,0.191894542568537,0.178419428075471,0.171370481669107,0.162079419117257,0.162416011101071,0.172578361551394,0.177625685250412,0.183764399297603,0.194759940909235,0.209921540860997,0.212440065412593,0.216578898146324,0.212982994683479,0.215652875914677
